Id;Marker;X;Y
0;0;0.0000000000000000e+00;0.0000000000000000e+00;1.0000000000000000e+00
1;0;9.4280904158206340e-01;0.0000000000000000e+00;-3.3333333333333331e-01
2;0;-4.7140452079103170e-01;7.7037197775489434e-01;-3.3333333333333331e-01
3;0;-4.7140452079103170e-01;-7.7037197775489434e-01;-3.3333333333333331e-01
